Comment,Designator,Footprint,LCSC Part #
BSS138K,"Q1,Q10,Q100,Q1000,Q1001,Q1002,Q1003,Q1004,Q1005,Q1006,Q1007,Q1008,Q1009,Q101,Q1010,Q1011,Q1012,Q1013,Q1014,Q1015,Q1016,Q1017,Q1018,Q1019,Q102,Q1020,Q1021,Q1022,Q1023,Q1024,Q1025,Q1026,Q1027,Q1028,Q1029,Q103,Q1030,Q1031,Q1032,Q1033,Q1034,Q1035,Q1036,Q1037,Q1038,Q1039,Q104,Q1040,Q1041,Q1042,Q1043,Q1044,Q1045,Q1046,Q1047,Q1048,Q1049,Q105,Q1050,Q1051,Q1052,Q1053,Q1054,Q1055,Q1056,Q1057,Q1058,Q1059,Q106,Q1060,Q1061,Q1062,Q1063,Q1064,Q1065,Q1066,Q1067,Q1068,Q1069,Q107,Q1070,Q1071,Q1072,Q1073,Q1074,Q1075,Q1076,Q1077,Q1078,Q1079,Q108,Q1080,Q1081,Q1082,Q1083,Q1084,Q1085,Q1086,Q1087,Q1088,Q1089,Q109,Q1090,Q1091,Q1092,Q1093,Q1094,Q1095,Q1096,Q1097,Q1098,Q1099,Q11,Q110,Q1100,Q1101,Q1102,Q1103,Q1104,Q1105,Q1106,Q1107,Q1108,Q1109,Q111,Q1110,Q1111,Q1112,Q1113,Q1114,Q1115,Q1116,Q1117,Q1118,Q1119,Q112,Q1120,Q1121,Q1122,Q1123,Q1124,Q1125,Q1126,Q1127,Q1128,Q1129,Q113,Q1130,Q1131,Q1132,Q1133,Q1134,Q1135,Q1136,Q1137,Q1138,Q1139,Q114,Q1140,Q1141,Q1142,Q1143,Q1144,Q1145,Q1146,Q1147,Q1148,Q1149,Q115,Q1150,Q1151,Q1152,Q1153,Q1154,Q1155,Q1156,Q1157,Q1158,Q1159,Q116,Q1160,Q1161,Q1162,Q1163,Q1164,Q1165,Q1166,Q1167,Q1168,Q1169,Q117,Q1170,Q1171,Q1172,Q1173,Q1174,Q1175,Q1176,Q1177,Q1178,Q1179,Q118,Q1180,Q1181,Q1182,Q1183,Q1184,Q1185,Q1186,Q1187,Q1188,Q1189,Q119,Q1190,Q1191,Q1192,Q1193,Q1194,Q1195,Q1196,Q1197,Q1198,Q1199,Q12,Q120,Q1200,Q1201,Q1202,Q1203,Q1204,Q1205,Q1206,Q1207,Q1208,Q1209,Q121,Q1210,Q1211,Q1212,Q1213,Q1214,Q1215,Q1216,Q1217,Q1218,Q1219,Q122,Q1220,Q1221,Q1222,Q1223,Q1224,Q1225,Q1226,Q1227,Q1228,Q1229,Q123,Q1230,Q1231,Q1232,Q1233,Q1234,Q1235,Q1236,Q1237,Q1238,Q1239,Q124,Q1240,Q1241,Q1242,Q1243,Q1244,Q1245,Q1246,Q1247,Q1248,Q1249,Q125,Q1250,Q1251,Q1252,Q1253,Q1254,Q1255,Q1256,Q1257,Q1258,Q1259,Q126,Q1260,Q1261,Q1262,Q1263,Q1264,Q1265,Q1266,Q1267,Q1268,Q1269,Q127,Q1270,Q1271,Q1272,Q1273,Q1274,Q1275,Q1276,Q1277,Q1278,Q1279,Q128,Q1280,Q1281,Q1282,Q1283,Q1284,Q1285,Q1286,Q1287,Q1288,Q1289,Q129,Q1290,Q1291,Q1292,Q1293,Q1294,Q1295,Q1296,Q1297,Q1298,Q1299,Q13,Q130,Q1300,Q1301,Q1302,Q1303",SOT-323_SC-70,C504052
BSS138K,"Q1304,Q1305,Q1306,Q1307,Q1308,Q1309,Q131,Q1310,Q1311,Q1312,Q1313,Q1314,Q1315,Q1316,Q1317,Q1318,Q1319,Q132,Q1320,Q1321,Q1322,Q1323,Q1324,Q1325,Q1326,Q1327,Q1328,Q1329,Q133,Q1330,Q1331,Q1332,Q1333,Q1334,Q1335,Q1336,Q1337,Q1338,Q1339,Q134,Q1340,Q1341,Q1342,Q1343,Q1344,Q1345,Q1346,Q1347,Q1348,Q1349,Q135,Q1350,Q1351,Q1352,Q1353,Q1354,Q1355,Q1356,Q1357,Q1358,Q1359,Q136,Q1360,Q1361,Q1362,Q1363,Q1364,Q1365,Q1366,Q1367,Q1368,Q1369,Q137,Q1370,Q1371,Q1372,Q1373,Q1374,Q1375,Q1376,Q1377,Q1378,Q1379,Q138,Q1380,Q1381,Q1382,Q1383,Q1384,Q1385,Q1386,Q1387,Q1388,Q1389,Q139,Q1390,Q1391,Q1392,Q1393,Q1394,Q1395,Q1396,Q1397,Q1398,Q1399,Q14,Q140,Q1400,Q1401,Q1402,Q1403,Q1404,Q1405,Q1406,Q1407,Q1408,Q1409,Q141,Q1410,Q1411,Q1412,Q1413,Q1414,Q1415,Q1416,Q1417,Q1418,Q1419,Q142,Q1420,Q1421,Q1422,Q1423,Q1424,Q1425,Q1426,Q1427,Q1428,Q1429,Q143,Q1430,Q1431,Q1432,Q1433,Q1434,Q1435,Q1436,Q1437,Q1438,Q1439,Q144,Q1440,Q1441,Q1442,Q1443,Q1444,Q1445,Q1446,Q1447,Q1448,Q1449,Q145,Q1450,Q1451,Q1452,Q1453,Q1454,Q1455,Q1456,Q1457,Q1458,Q1459,Q146,Q1460,Q1461,Q1462,Q1463,Q1464,Q1465,Q1466,Q1467,Q1468,Q1469,Q147,Q1470,Q1471,Q1472,Q1473,Q1474,Q1475,Q1476,Q1477,Q1478,Q1479,Q148,Q1480,Q1481,Q1482,Q1483,Q1484,Q1485,Q1486,Q1487,Q1488,Q1489,Q149,Q1490,Q1491,Q1492,Q1493,Q1494,Q1495,Q1496,Q1497,Q1498,Q1499,Q15,Q150,Q1500,Q1501,Q1502,Q1503,Q1504,Q1505,Q1506,Q1507,Q1508,Q1509,Q151,Q1510,Q1511,Q1512,Q1514,Q1515,Q1516,Q1517,Q1518,Q1519,Q152,Q1520,Q1521,Q1522,Q1523,Q1524,Q1525,Q1526,Q1527,Q1528,Q1529,Q153,Q1530,Q1531,Q1532,Q1533,Q1534,Q1535,Q1536,Q1537,Q1538,Q1539,Q154,Q1540,Q1541,Q1542,Q1543,Q1544,Q1545,Q1546,Q1547,Q1548,Q1549,Q155,Q1550,Q1551,Q1552,Q1553,Q1554,Q1555,Q1556,Q1557,Q1558,Q1559,Q156,Q1560,Q1561,Q1562,Q1563,Q1564,Q1565,Q1566,Q1567,Q1568,Q1569,Q157,Q1570,Q1571,Q1572,Q1573,Q1574,Q1575,Q1576,Q1577,Q1578,Q1579,Q158,Q1580,Q1581,Q1582,Q1583,Q1584,Q1585,Q1586,Q1587,Q1588,Q1589,Q159,Q1590,Q1591,Q1592,Q1593,Q1594,Q1595,Q1596,Q1597,Q1598,Q1599,Q16,Q160,Q1600,Q1601,Q1602,Q1603,Q1604,Q1605,Q1606,Q1607,Q1608,Q1609,Q161",SOT-323_SC-70,C504052
BSS138K,"Q1610,Q1611,Q1612,Q1613,Q1614,Q1615,Q1616,Q1617,Q1618,Q1619,Q162,Q1620,Q1621,Q1622,Q1623,Q1624,Q1625,Q1626,Q1627,Q1628,Q1629,Q163,Q1630,Q1631,Q1632,Q1633,Q1634,Q1635,Q1636,Q1637,Q1638,Q1639,Q164,Q1640,Q1641,Q1642,Q1643,Q1644,Q1645,Q1646,Q1647,Q1648,Q1649,Q165,Q1650,Q1651,Q1652,Q1653,Q1654,Q1655,Q1656,Q1657,Q1658,Q1659,Q166,Q1660,Q1661,Q1662,Q1663,Q1664,Q1665,Q1666,Q1667,Q1668,Q1669,Q167,Q1670,Q1671,Q1672,Q1673,Q1674,Q1675,Q1676,Q1677,Q1678,Q1679,Q168,Q1680,Q1681,Q1682,Q1683,Q1684,Q1685,Q1686,Q1687,Q1688,Q1689,Q169,Q1690,Q1691,Q1692,Q1693,Q1694,Q1695,Q1696,Q1697,Q1698,Q1699,Q17,Q170,Q1700,Q1701,Q1702,Q1703,Q1704,Q1705,Q1706,Q1707,Q1708,Q1709,Q171,Q1710,Q1711,Q1712,Q1713,Q1714,Q1715,Q1716,Q1717,Q1718,Q1719,Q172,Q1720,Q1721,Q1722,Q1723,Q1724,Q1725,Q1726,Q1727,Q1728,Q1729,Q173,Q1730,Q1731,Q1732,Q1733,Q1734,Q1735,Q1736,Q1737,Q1738,Q1739,Q174,Q1740,Q1741,Q1742,Q1743,Q1744,Q1745,Q1746,Q1747,Q1748,Q1749,Q175,Q1750,Q1751,Q1752,Q1753,Q1754,Q1755,Q1756,Q1757,Q1758,Q1759,Q176,Q1760,Q1761,Q1762,Q1763,Q1764,Q1765,Q1766,Q1767,Q1768,Q1769,Q177,Q1770,Q1771,Q1772,Q1773,Q1774,Q1775,Q1776,Q1777,Q1778,Q1779,Q178,Q1780,Q1781,Q1782,Q1783,Q1784,Q1785,Q1786,Q1787,Q1788,Q1789,Q179,Q1790,Q1791,Q1792,Q1793,Q1794,Q1795,Q1796,Q1797,Q1798,Q1799,Q18,Q180,Q1800,Q1801,Q1802,Q1803,Q1804,Q1805,Q1806,Q1807,Q1808,Q1809,Q181,Q1810,Q1811,Q1812,Q1813,Q1814,Q1815,Q1816,Q1817,Q1818,Q1819,Q182,Q1820,Q1821,Q1822,Q1823,Q1824,Q1825,Q1826,Q1827,Q1828,Q1829,Q183,Q1830,Q1831,Q1832,Q1833,Q1834,Q1835,Q1836,Q1837,Q1838,Q1839,Q184,Q1840,Q1841,Q1842,Q1843,Q1844,Q1845,Q1846,Q1847,Q1848,Q1849,Q185,Q1850,Q1851,Q1852,Q1853,Q1854,Q1855,Q1856,Q1857,Q1858,Q1859,Q186,Q1860,Q1861,Q1862,Q1863,Q1864,Q1865,Q1866,Q1867,Q1868,Q1869,Q187,Q1870,Q1871,Q1872,Q1873,Q1874,Q1875,Q1876,Q1877,Q1878,Q1879,Q188,Q1880,Q1881,Q1882,Q1883,Q1884,Q1885,Q1886,Q1887,Q1888,Q1889,Q189,Q1890,Q1891,Q1892,Q1893,Q1894,Q1895,Q1896,Q1897,Q1898,Q1899,Q19,Q190,Q1900,Q1901,Q1902,Q1903,Q1904,Q1905,Q1906,Q1907,Q1908,Q1909,Q191,Q1910,Q1911,Q1912,Q1913,Q1914,Q1915",SOT-323_SC-70,C504052
BSS138K,"Q1916,Q1917,Q1918,Q1919,Q192,Q1920,Q1921,Q1922,Q1923,Q1924,Q1925,Q1926,Q1927,Q1928,Q1929,Q193,Q1930,Q1931,Q1932,Q1933,Q1934,Q1935,Q1936,Q1937,Q1938,Q1939,Q194,Q1940,Q1941,Q1942,Q1943,Q1944,Q1945,Q1946,Q1947,Q1948,Q1949,Q195,Q1950,Q1951,Q1952,Q1953,Q1954,Q1955,Q1956,Q1957,Q1958,Q1959,Q196,Q1960,Q1961,Q1962,Q1963,Q1964,Q1965,Q1966,Q1967,Q1968,Q1969,Q197,Q1970,Q1971,Q1972,Q1973,Q1974,Q1975,Q1976,Q1977,Q1978,Q1979,Q198,Q1980,Q1981,Q1982,Q1983,Q1984,Q1985,Q1986,Q1987,Q1988,Q1989,Q199,Q1990,Q1991,Q1992,Q1993,Q1994,Q1995,Q1996,Q1997,Q1998,Q1999,Q2,Q20,Q200,Q2000,Q2001,Q2002,Q2003,Q2004,Q2005,Q2006,Q2007,Q2008,Q2009,Q201,Q2010,Q2011,Q2012,Q2013,Q2014,Q2015,Q2016,Q2017,Q2018,Q2019,Q202,Q2020,Q2021,Q2022,Q2023,Q2024,Q2025,Q2026,Q2027,Q2028,Q2029,Q203,Q2030,Q2031,Q2032,Q2033,Q2034,Q2035,Q2036,Q2037,Q2038,Q2039,Q204,Q2040,Q2041,Q2042,Q2043,Q2044,Q2045,Q2046,Q2047,Q2048,Q2049,Q205,Q2050,Q2051,Q2052,Q2053,Q2054,Q2055,Q2056,Q2057,Q2058,Q2059,Q206,Q2060,Q2061,Q2062,Q2063,Q2064,Q2065,Q2066,Q2067,Q2068,Q2069,Q207,Q2070,Q2071,Q2072,Q2073,Q2074,Q2075,Q2076,Q2077,Q2078,Q2079,Q208,Q2080,Q2081,Q2082,Q2083,Q2084,Q2085,Q2086,Q2087,Q2088,Q2089,Q209,Q2090,Q2091,Q2092,Q2093,Q2094,Q2095,Q2096,Q2097,Q2098,Q2099,Q21,Q210,Q2100,Q2101,Q2102,Q2103,Q2104,Q2105,Q2106,Q2107,Q2108,Q2109,Q211,Q2110,Q2111,Q2112,Q2113,Q2114,Q2115,Q2116,Q2117,Q2118,Q2119,Q212,Q2120,Q2121,Q2122,Q2123,Q2124,Q2125,Q2126,Q2127,Q2128,Q2129,Q213,Q2130,Q2131,Q2132,Q2133,Q2134,Q2135,Q2136,Q2137,Q2138,Q2139,Q214,Q2140,Q2141,Q2142,Q2143,Q2144,Q2145,Q2146,Q2147,Q2148,Q2149,Q215,Q2150,Q2151,Q2152,Q2153,Q2154,Q2155,Q2156,Q2157,Q2158,Q2159,Q216,Q2160,Q2161,Q2162,Q2163,Q2164,Q2165,Q2166,Q2167,Q2168,Q2169,Q217,Q2170,Q2171,Q2172,Q2173,Q2174,Q2175,Q2176,Q2177,Q2178,Q2179,Q218,Q2180,Q2181,Q2182,Q2183,Q2184,Q2185,Q2186,Q2187,Q2188,Q2189,Q219,Q2190,Q2191,Q2192,Q2193,Q2194,Q2195,Q2196,Q2197,Q2198,Q2199,Q22,Q220,Q2200,Q2201,Q2202,Q2203,Q2204,Q2205,Q2206,Q2207,Q2208,Q2209,Q221,Q2210,Q2211,Q2212,Q2213,Q2214,Q2215,Q2216,Q2217,Q2218,Q2219,Q222,Q2220",SOT-323_SC-70,C504052
BSS138K,"Q2221,Q2222,Q2223,Q2224,Q2225,Q2226,Q2227,Q2228,Q2229,Q223,Q2230,Q2231,Q2232,Q2233,Q2234,Q2235,Q2236,Q2237,Q2238,Q2239,Q224,Q2240,Q2241,Q2242,Q2243,Q2244,Q2245,Q2246,Q2247,Q2248,Q2249,Q225,Q2250,Q2251,Q2252,Q2253,Q2254,Q2255,Q2256,Q2257,Q2258,Q2259,Q226,Q2260,Q2261,Q2262,Q2263,Q2264,Q2265,Q2266,Q2267,Q2268,Q2269,Q227,Q2270,Q2271,Q2272,Q2273,Q2274,Q2275,Q2276,Q2277,Q2278,Q2279,Q228,Q2280,Q2281,Q2282,Q2283,Q2284,Q2285,Q2286,Q2287,Q2288,Q2289,Q229,Q2290,Q2291,Q2292,Q2293,Q2294,Q2295,Q2296,Q2297,Q2298,Q2299,Q23,Q230,Q2300,Q2301,Q2302,Q2303,Q2304,Q2305,Q2306,Q2307,Q2308,Q2309,Q231,Q2310,Q2311,Q2312,Q2313,Q2314,Q2315,Q2316,Q2317,Q2318,Q2319,Q232,Q2320,Q2321,Q2322,Q2323,Q2324,Q2325,Q2326,Q2327,Q2328,Q2329,Q233,Q2330,Q2331,Q2332,Q2333,Q2334,Q2335,Q2336,Q2337,Q2338,Q2339,Q234,Q2340,Q2341,Q2342,Q2343,Q2344,Q2345,Q2346,Q2347,Q2348,Q2349,Q235,Q2350,Q2351,Q2352,Q2353,Q2354,Q2355,Q2356,Q2357,Q2358,Q2359,Q236,Q2360,Q2361,Q2362,Q2363,Q2364,Q2365,Q2366,Q2367,Q2368,Q2369,Q237,Q2370,Q2371,Q2372,Q2373,Q2374,Q2375,Q2376,Q2377,Q2378,Q2379,Q238,Q2380,Q2381,Q2382,Q2383,Q2384,Q2385,Q2386,Q2387,Q2388,Q2389,Q239,Q2390,Q2391,Q2392,Q2393,Q2394,Q2395,Q2396,Q2397,Q2398,Q2399,Q24,Q240,Q2400,Q2401,Q2402,Q2403,Q2404,Q2405,Q2406,Q2407,Q2408,Q2409,Q241,Q2410,Q2411,Q2412,Q2413,Q2414,Q2415,Q2416,Q2417,Q2418,Q2419,Q242,Q2420,Q2421,Q2422,Q2423,Q2424,Q2425,Q2426,Q2427,Q2428,Q2429,Q243,Q2430,Q2431,Q2432,Q2433,Q2434,Q2435,Q2436,Q2437,Q2438,Q2439,Q244,Q2440,Q2441,Q2442,Q2443,Q2444,Q2445,Q2446,Q2447,Q2448,Q2449,Q245,Q2450,Q2451,Q2452,Q2453,Q2454,Q2455,Q2456,Q2457,Q2458,Q2459,Q246,Q2460,Q2461,Q2462,Q2463,Q2464,Q2465,Q2466,Q2467,Q2468,Q2469,Q247,Q2470,Q2471,Q2472,Q2473,Q2474,Q2475,Q2476,Q2477,Q2478,Q2479,Q248,Q2480,Q2481,Q2482,Q2483,Q2484,Q2485,Q2486,Q2487,Q2488,Q2489,Q249,Q2490,Q2491,Q2492,Q2493,Q2494,Q2495,Q2496,Q2497,Q2498,Q2499,Q25,Q250,Q2500,Q2501,Q2502,Q2503,Q2504,Q2505,Q2506,Q2507,Q2508,Q2509,Q251,Q2510,Q2511,Q2512,Q2513,Q2514,Q2515,Q2516,Q2517,Q2518,Q2519,Q252,Q2520,Q2521,Q2522,Q2523,Q2524,Q2525,Q2526",SOT-323_SC-70,C504052
BSS138K,"Q2527,Q2528,Q2529,Q253,Q2530,Q2531,Q2532,Q2533,Q2534,Q2535,Q2536,Q2537,Q2538,Q2539,Q254,Q2540,Q2541,Q2542,Q2543,Q2544,Q2545,Q2546,Q2547,Q2548,Q2549,Q255,Q2550,Q2551,Q2552,Q2553,Q2554,Q2555,Q2556,Q2557,Q2558,Q2559,Q256,Q2560,Q2561,Q2562,Q2563,Q2564,Q2565,Q2566,Q2567,Q2568,Q2569,Q257,Q2570,Q2571,Q2572,Q2573,Q2574,Q2575,Q2576,Q2577,Q2578,Q2579,Q258,Q2580,Q2581,Q2582,Q2583,Q2584,Q2585,Q2586,Q2587,Q2588,Q2589,Q259,Q2590,Q2591,Q2592,Q2593,Q2594,Q2595,Q2596,Q2597,Q2598,Q2599,Q26,Q260,Q2600,Q2601,Q2602,Q2603,Q2604,Q2605,Q2606,Q2607,Q2608,Q2609,Q261,Q2610,Q2611,Q2612,Q2613,Q2614,Q2615,Q2616,Q2617,Q2618,Q2619,Q262,Q2620,Q2621,Q2622,Q2623,Q2624,Q2625,Q2626,Q2627,Q2628,Q2629,Q263,Q2630,Q2631,Q2632,Q2633,Q2634,Q2635,Q2636,Q2637,Q2638,Q2639,Q264,Q2640,Q2641,Q2642,Q2643,Q2644,Q2645,Q2646,Q2647,Q2648,Q2649,Q265,Q2650,Q2651,Q2652,Q2653,Q2654,Q2655,Q2656,Q2657,Q2658,Q2659,Q266,Q2660,Q2661,Q2662,Q2663,Q2664,Q2665,Q2666,Q2667,Q2668,Q2669,Q267,Q2670,Q2671,Q2672,Q2673,Q2674,Q2675,Q2676,Q2677,Q2678,Q2679,Q268,Q2680,Q2681,Q2682,Q2683,Q2684,Q2685,Q2686,Q2687,Q2688,Q2689,Q269,Q2690,Q2691,Q2692,Q2693,Q2694,Q2695,Q2696,Q2697,Q2698,Q2699,Q27,Q270,Q2700,Q2701,Q2702,Q2703,Q2704,Q2705,Q2706,Q2707,Q2708,Q2709,Q271,Q2710,Q2711,Q2712,Q2713,Q2714,Q2715,Q2716,Q2717,Q2718,Q2719,Q272,Q2720,Q2721,Q2722,Q2723,Q2724,Q2725,Q2726,Q2727,Q2728,Q2729,Q273,Q2730,Q2731,Q2732,Q2733,Q2734,Q2735,Q2736,Q2737,Q2738,Q2739,Q274,Q2740,Q2741,Q2742,Q2743,Q2744,Q2745,Q2746,Q2747,Q2748,Q2749,Q275,Q2750,Q2751,Q2752,Q2753,Q2754,Q2755,Q2756,Q2757,Q2758,Q2759,Q276,Q2760,Q2761,Q2762,Q2763,Q2764,Q2765,Q2766,Q2767,Q2768,Q2769,Q277,Q2770,Q2771,Q2772,Q2773,Q2774,Q2775,Q2776,Q2777,Q2778,Q2779,Q278,Q2780,Q2781,Q2782,Q2783,Q2784,Q2785,Q2786,Q2787,Q2788,Q2789,Q279,Q2790,Q2791,Q2792,Q2793,Q2794,Q2795,Q2796,Q2797,Q2798,Q2799,Q28,Q280,Q2800,Q2801,Q2802,Q2803,Q2804,Q2805,Q2806,Q2807,Q2808,Q2809,Q281,Q2810,Q2811,Q2812,Q2813,Q2814,Q2815,Q2816,Q2817,Q2818,Q2819,Q282,Q2820,Q2821,Q2822,Q2823,Q2824,Q2825,Q2826,Q2827,Q2828,Q2829,Q283,Q2830,Q2831",SOT-323_SC-70,C504052
BSS138K,"Q2832,Q2833,Q2834,Q2835,Q2836,Q2837,Q2838,Q2839,Q284,Q2840,Q2841,Q2842,Q2843,Q2844,Q2845,Q2846,Q2847,Q2848,Q2849,Q285,Q2850,Q2851,Q2852,Q2853,Q2854,Q2855,Q2856,Q2857,Q2858,Q2859,Q286,Q2860,Q2861,Q2862,Q2863,Q2864,Q2865,Q2866,Q2867,Q2868,Q2869,Q287,Q2870,Q2871,Q2872,Q2873,Q2874,Q2875,Q2876,Q2877,Q2878,Q2879,Q288,Q2880,Q2881,Q2882,Q2883,Q2884,Q2885,Q2886,Q2887,Q2888,Q2889,Q289,Q2890,Q2891,Q2892,Q2893,Q2894,Q2895,Q2896,Q2897,Q2898,Q2899,Q29,Q290,Q2900,Q2901,Q2902,Q2903,Q2904,Q2905,Q2906,Q2907,Q2908,Q2909,Q291,Q2910,Q2911,Q2912,Q2913,Q2914,Q2915,Q2916,Q2917,Q2918,Q2919,Q292,Q2920,Q2921,Q2922,Q2923,Q2924,Q2925,Q2926,Q2927,Q2928,Q2929,Q293,Q2930,Q2931,Q2932,Q2933,Q2934,Q2935,Q2936,Q2937,Q2938,Q2939,Q294,Q2940,Q2941,Q2942,Q2943,Q2944,Q2945,Q2946,Q2947,Q2948,Q2949,Q295,Q2950,Q2951,Q2952,Q2953,Q2954,Q2955,Q2956,Q2957,Q2958,Q2959,Q296,Q2960,Q2961,Q2962,Q2963,Q2964,Q2965,Q2966,Q2967,Q2968,Q2969,Q297,Q2970,Q2971,Q2972,Q2973,Q2974,Q2975,Q2976,Q2977,Q2978,Q2979,Q298,Q2980,Q2981,Q2982,Q2983,Q2984,Q2985,Q2986,Q2987,Q2988,Q2989,Q299,Q2990,Q2991,Q2992,Q2993,Q2994,Q2995,Q2996,Q2997,Q2998,Q2999,Q3,Q30,Q300,Q3000,Q3001,Q3002,Q3003,Q3004,Q3005,Q3006,Q3007,Q3008,Q3009,Q301,Q3010,Q3011,Q3012,Q3013,Q3014,Q3015,Q3016,Q3017,Q3018,Q3019,Q302,Q3020,Q3021,Q3022,Q3023,Q3024,Q3025,Q3026,Q3027,Q3028,Q3029,Q303,Q3030,Q3031,Q3032,Q3033,Q3034,Q3035,Q3036,Q3037,Q3038,Q3039,Q304,Q3040,Q3041,Q3042,Q3043,Q3044,Q3045,Q3046,Q3047,Q3048,Q3049,Q305,Q3050,Q3051,Q3052,Q3053,Q3054,Q3055,Q3056,Q3057,Q3058,Q3059,Q306,Q3060,Q3061,Q3062,Q3063,Q3064,Q3065,Q3066,Q3067,Q3068,Q3069,Q307,Q3070,Q3071,Q3072,Q3073,Q3074,Q3075,Q3076,Q3077,Q3078,Q3079,Q308,Q3080,Q3081,Q3082,Q3083,Q3084,Q3085,Q3086,Q3087,Q3088,Q3089,Q309,Q3090,Q3091,Q3092,Q3093,Q3094,Q3095,Q3096,Q3097,Q3098,Q3099,Q31,Q310,Q3100,Q3101,Q3102,Q3103,Q3104,Q3105,Q3106,Q3107,Q3108,Q3109,Q311,Q3110,Q3111,Q3112,Q3113,Q3114,Q3115,Q3116,Q3117,Q3118,Q3119,Q312,Q3120,Q3121,Q3122,Q3123,Q3124,Q3125,Q3126,Q3127,Q3128,Q3129,Q313,Q3130,Q3131,Q3132,Q3133,Q3134,Q3135,Q3136",SOT-323_SC-70,C504052
BSS138K,"Q3137,Q3138,Q3139,Q314,Q3140,Q3141,Q3142,Q3143,Q3144,Q3145,Q3146,Q3147,Q3148,Q3149,Q315,Q3150,Q3151,Q3152,Q3153,Q3154,Q3155,Q3156,Q3157,Q3158,Q3159,Q316,Q3160,Q3161,Q3162,Q3163,Q3164,Q3165,Q3166,Q3167,Q3168,Q3169,Q317,Q3170,Q3171,Q3172,Q3173,Q3174,Q3175,Q3176,Q3177,Q3178,Q3179,Q318,Q3180,Q3181,Q3182,Q3183,Q3184,Q3185,Q3186,Q3187,Q3188,Q3189,Q319,Q3190,Q3191,Q3192,Q3193,Q3194,Q3195,Q3196,Q3197,Q3198,Q3199,Q32,Q320,Q3200,Q3201,Q3202,Q3203,Q3204,Q3205,Q3206,Q3207,Q3208,Q3209,Q321,Q3210,Q3211,Q3212,Q3213,Q3214,Q3215,Q3216,Q3217,Q3218,Q3219,Q322,Q3220,Q3221,Q3222,Q3223,Q3224,Q3225,Q3226,Q3227,Q3228,Q3229,Q323,Q3230,Q3231,Q3232,Q3233,Q3234,Q3235,Q3236,Q3237,Q3238,Q3239,Q324,Q3240,Q3241,Q3242,Q3243,Q3244,Q3245,Q3246,Q3247,Q3248,Q3249,Q325,Q3250,Q3251,Q3252,Q3253,Q3254,Q3255,Q3256,Q3257,Q3258,Q3259,Q326,Q3260,Q3261,Q3262,Q3263,Q3264,Q3265,Q3266,Q3267,Q3268,Q3269,Q327,Q3270,Q3271,Q3272,Q3273,Q3274,Q3275,Q3276,Q3277,Q3278,Q3279,Q328,Q3280,Q3281,Q3282,Q3283,Q3284,Q3287,Q3288,Q3289,Q329,Q3290,Q3291,Q3292,Q3293,Q3294,Q3295,Q3296,Q3297,Q3298,Q3299,Q33,Q330,Q3300,Q3301,Q3302,Q3303,Q3304,Q3305,Q3306,Q3307,Q3308,Q3309,Q331,Q3310,Q3311,Q3312,Q3313,Q3314,Q3315,Q3316,Q3317,Q3318,Q3319,Q332,Q3320,Q3321,Q3322,Q3323,Q3324,Q3325,Q3326,Q3327,Q3328,Q3329,Q333,Q3330,Q3331,Q3332,Q3333,Q3334,Q3335,Q3336,Q3337,Q3338,Q3339,Q334,Q3340,Q3341,Q3342,Q3343,Q3344,Q3345,Q3346,Q3347,Q3348,Q3349,Q335,Q3350,Q3351,Q3352,Q3353,Q3354,Q3355,Q3356,Q3357,Q3358,Q3359,Q336,Q3360,Q3361,Q3362,Q3363,Q3364,Q3365,Q3366,Q3367,Q3368,Q3369,Q337,Q3370,Q3371,Q3372,Q3373,Q3374,Q3375,Q3376,Q3377,Q3378,Q3379,Q338,Q3380,Q3381,Q3382,Q3383,Q3384,Q3385,Q3386,Q3387,Q3388,Q3389,Q339,Q3390,Q3391,Q3392,Q3393,Q3394,Q3395,Q3396,Q3397,Q3398,Q3399,Q34,Q340,Q3400,Q3401,Q3402,Q3403,Q3404,Q3405,Q3406,Q3407,Q3408,Q3409,Q341,Q3410,Q3411,Q3412,Q3413,Q3414,Q3415,Q3416,Q3417,Q3418,Q3419,Q342,Q3420,Q3421,Q3422,Q3423,Q3424,Q3425,Q3426,Q3427,Q3428,Q3429,Q343,Q3430,Q3431,Q3432,Q3433,Q3434,Q3435,Q3436,Q3437,Q3438,Q3439,Q344,Q3440,Q3441,Q3442,Q3443",SOT-323_SC-70,C504052
BSS138K,"Q3444,Q3445,Q3446,Q3447,Q3448,Q3449,Q345,Q3450,Q3451,Q3452,Q3453,Q3454,Q3455,Q3456,Q3457,Q3458,Q3459,Q346,Q3460,Q3461,Q3462,Q3463,Q3464,Q3465,Q3466,Q3467,Q3468,Q3469,Q347,Q3470,Q3471,Q3472,Q3473,Q3474,Q3475,Q3476,Q3477,Q3478,Q3479,Q348,Q3480,Q3481,Q3482,Q3483,Q3484,Q3485,Q3486,Q3487,Q3488,Q3489,Q349,Q3490,Q3491,Q3492,Q3493,Q3494,Q3495,Q3496,Q3497,Q3498,Q3499,Q35,Q350,Q3500,Q3501,Q3502,Q3503,Q3504,Q3505,Q3506,Q3507,Q3508,Q3509,Q351,Q3510,Q3511,Q3512,Q3513,Q3514,Q3515,Q3516,Q3517,Q3518,Q3519,Q352,Q3520,Q3521,Q3522,Q3523,Q3524,Q3525,Q3526,Q3527,Q3528,Q3529,Q353,Q3530,Q3531,Q3532,Q3533,Q3534,Q3535,Q3536,Q3537,Q3538,Q3539,Q354,Q3540,Q3541,Q3542,Q3543,Q3544,Q3545,Q3546,Q3547,Q3548,Q3549,Q355,Q3550,Q3551,Q3552,Q3553,Q3554,Q3555,Q3556,Q3557,Q3558,Q3559,Q356,Q3560,Q3561,Q3562,Q3563,Q3564,Q3565,Q3566,Q3567,Q3568,Q3569,Q357,Q3570,Q3571,Q3572,Q3573,Q3574,Q3575,Q3576,Q3577,Q3578,Q3579,Q358,Q3580,Q3581,Q3582,Q3583,Q3584,Q3585,Q3586,Q3587,Q3588,Q3589,Q359,Q3590,Q3591,Q3592,Q3593,Q3594,Q3595,Q3596,Q3597,Q3598,Q3599,Q36,Q360,Q3600,Q3601,Q3602,Q3603,Q3604,Q3605,Q3606,Q3607,Q3608,Q3609,Q361,Q3610,Q3611,Q3612,Q3613,Q3614,Q3615,Q3616,Q3617,Q3618,Q3619,Q362,Q3620,Q3621,Q3622,Q3623,Q3624,Q3625,Q3626,Q3627,Q3628,Q3629,Q363,Q3630,Q3631,Q3632,Q3633,Q3634,Q3635,Q3636,Q3637,Q3638,Q3639,Q364,Q3640,Q3641,Q3642,Q3643,Q3644,Q3645,Q3646,Q3647,Q3648,Q3649,Q365,Q3650,Q3651,Q3652,Q3653,Q3654,Q3655,Q3656,Q3657,Q3658,Q3659,Q366,Q3660,Q3661,Q3662,Q3663,Q3664,Q3665,Q3666,Q3667,Q3668,Q3669,Q367,Q3670,Q3671,Q3672,Q3673,Q3674,Q3675,Q3676,Q3677,Q3678,Q3679,Q368,Q3680,Q3681,Q3682,Q3683,Q3684,Q3685,Q3686,Q3687,Q3688,Q3689,Q369,Q3690,Q3691,Q3692,Q3693,Q3694,Q3695,Q3696,Q3697,Q3698,Q3699,Q37,Q370,Q3700,Q3701,Q3702,Q3703,Q3704,Q3705,Q3706,Q3707,Q3708,Q3709,Q371,Q3710,Q3711,Q3712,Q3713,Q3714,Q3715,Q3716,Q3717,Q3718,Q3719,Q372,Q3720,Q3721,Q3722,Q3723,Q3724,Q3725,Q3726,Q3727,Q3728,Q3729,Q373,Q3730,Q3731,Q3732,Q3733,Q3734,Q3735,Q3736,Q3737,Q3738,Q3739,Q374,Q3740,Q3741,Q3742,Q3743,Q3744,Q3745,Q3746,Q3747,Q3748,Q3749",SOT-323_SC-70,C504052
BSS138K,"Q375,Q3750,Q3751,Q3752,Q3753,Q3754,Q3755,Q3756,Q3757,Q3758,Q3759,Q376,Q3760,Q3761,Q3762,Q3763,Q3764,Q3765,Q3766,Q3767,Q3768,Q3769,Q377,Q3770,Q3771,Q3772,Q3773,Q3774,Q3775,Q3776,Q3777,Q3778,Q3779,Q378,Q3780,Q3781,Q3782,Q3783,Q3784,Q3785,Q3786,Q3787,Q3788,Q3789,Q379,Q3790,Q3791,Q3792,Q3793,Q3794,Q3795,Q3796,Q3797,Q3798,Q3799,Q38,Q380,Q3800,Q3801,Q3802,Q3803,Q3804,Q3805,Q3806,Q3807,Q3808,Q3809,Q381,Q3810,Q3811,Q3812,Q3813,Q3814,Q3815,Q3816,Q3817,Q3818,Q3819,Q382,Q3820,Q3821,Q3822,Q3823,Q3824,Q3825,Q3826,Q3827,Q3828,Q3829,Q383,Q3830,Q3831,Q3832,Q3833,Q3834,Q3835,Q3836,Q3837,Q3838,Q3839,Q384,Q3840,Q3841,Q3842,Q3843,Q3844,Q3845,Q3846,Q3847,Q3848,Q3849,Q385,Q3850,Q3851,Q3852,Q3853,Q3854,Q3855,Q3856,Q3857,Q3858,Q3859,Q386,Q3860,Q3861,Q3862,Q3863,Q3864,Q3865,Q3866,Q3867,Q3868,Q3869,Q387,Q3870,Q3871,Q3872,Q3873,Q3874,Q3875,Q3876,Q3877,Q3878,Q3879,Q388,Q3880,Q3881,Q3882,Q3883,Q3884,Q3885,Q3886,Q3887,Q3888,Q3889,Q389,Q3890,Q3891,Q3892,Q3893,Q3894,Q3895,Q3896,Q3897,Q3898,Q3899,Q39,Q390,Q3900,Q3901,Q3902,Q3903,Q3904,Q3905,Q3906,Q3907,Q3908,Q3909,Q391,Q3910,Q3911,Q3912,Q3913,Q3914,Q3915,Q3916,Q3917,Q3918,Q3919,Q392,Q3920,Q3921,Q3922,Q3923,Q3924,Q3925,Q3926,Q3927,Q3928,Q3929,Q393,Q3930,Q3931,Q3932,Q3933,Q3934,Q3935,Q3936,Q3937,Q3938,Q3939,Q394,Q3940,Q3941,Q3942,Q3943,Q3944,Q3945,Q3946,Q3947,Q3948,Q3949,Q395,Q3950,Q3951,Q3952,Q3953,Q3954,Q3955,Q3956,Q3957,Q3958,Q3959,Q396,Q3960,Q3961,Q3962,Q3963,Q3964,Q3965,Q3966,Q3967,Q3968,Q3969,Q397,Q3970,Q3971,Q3972,Q3973,Q3974,Q3975,Q3976,Q3977,Q3978,Q3979,Q398,Q3980,Q3981,Q3982,Q3983,Q3984,Q3985,Q3986,Q3987,Q3988,Q3989,Q399,Q3990,Q3991,Q3992,Q3993,Q3994,Q3995,Q3996,Q3997,Q3998,Q3999,Q4,Q40,Q400,Q4000,Q4001,Q4002,Q4003,Q4004,Q4005,Q4006,Q4007,Q4008,Q4009,Q401,Q4010,Q4011,Q4012,Q4013,Q4014,Q4015,Q4016,Q4017,Q4018,Q4019,Q402,Q4020,Q4021,Q4022,Q4023,Q4024,Q4025,Q4026,Q4027,Q4028,Q4029,Q403,Q4030,Q4031,Q4032,Q4033,Q4034,Q4035,Q4036,Q4037,Q4038,Q4039,Q404,Q4040,Q4041,Q4042,Q4043,Q4044,Q4045,Q4046,Q4047,Q4048,Q4049,Q405,Q4050,Q4051,Q4052,Q4053,Q4054",SOT-323_SC-70,C504052
BSS138K,"Q406,Q407,Q408,Q409,Q41,Q410,Q411,Q412,Q413,Q414,Q415,Q416,Q417,Q418,Q419,Q42,Q420,Q421,Q422,Q423,Q424,Q425,Q426,Q427,Q428,Q429,Q43,Q430,Q431,Q432,Q433,Q434,Q435,Q436,Q437,Q438,Q439,Q44,Q440,Q441,Q442,Q443,Q444,Q445,Q446,Q447,Q448,Q449,Q45,Q450,Q451,Q452,Q453,Q454,Q455,Q456,Q457,Q458,Q459,Q46,Q460,Q461,Q462,Q463,Q464,Q465,Q466,Q467,Q468,Q469,Q47,Q470,Q471,Q472,Q473,Q474,Q475,Q476,Q477,Q478,Q479,Q48,Q480,Q481,Q482,Q483,Q484,Q485,Q486,Q487,Q488,Q489,Q49,Q490,Q491,Q492,Q493,Q494,Q495,Q496,Q497,Q498,Q499,Q5,Q50,Q500,Q501,Q502,Q503,Q504,Q505,Q506,Q507,Q508,Q509,Q51,Q510,Q511,Q512,Q513,Q514,Q515,Q516,Q517,Q518,Q519,Q52,Q520,Q521,Q522,Q523,Q524,Q525,Q526,Q527,Q528,Q529,Q53,Q530,Q531,Q532,Q533,Q534,Q535,Q536,Q537,Q538,Q539,Q54,Q540,Q541,Q542,Q543,Q544,Q545,Q546,Q547,Q548,Q549,Q55,Q550,Q551,Q552,Q553,Q554,Q555,Q556,Q557,Q558,Q559,Q56,Q560,Q561,Q562,Q563,Q564,Q565,Q566,Q567,Q568,Q569,Q57,Q570,Q571,Q572,Q573,Q574,Q575,Q576,Q577,Q578,Q579,Q58,Q580,Q581,Q582,Q583,Q584,Q585,Q586,Q587,Q588,Q589,Q59,Q590,Q591,Q592,Q593,Q594,Q595,Q596,Q597,Q598,Q599,Q6,Q60,Q600,Q601,Q602,Q603,Q604,Q605,Q606,Q607,Q608,Q609,Q61,Q610,Q611,Q612,Q613,Q614,Q615,Q616,Q617,Q618,Q619,Q62,Q620,Q621,Q622,Q623,Q624,Q625,Q626,Q627,Q628,Q629,Q63,Q630,Q631,Q632,Q633,Q634,Q635,Q636,Q637,Q638,Q639,Q64,Q640,Q641,Q642,Q643,Q644,Q645,Q646,Q647,Q648,Q649,Q65,Q650,Q651,Q652,Q653,Q654,Q655,Q656,Q657,Q658,Q659,Q66,Q660,Q661,Q662,Q663,Q664,Q665,Q666,Q667,Q668,Q669,Q67,Q670,Q671,Q672,Q673,Q674,Q675,Q676,Q677,Q678,Q679,Q68,Q680,Q681,Q682,Q683,Q684,Q685,Q686,Q687,Q688,Q689,Q69,Q690,Q691,Q692,Q693,Q694,Q695,Q696,Q697,Q698,Q699,Q7,Q70,Q700,Q701,Q702,Q703,Q704,Q705,Q706,Q707,Q708,Q709,Q71,Q710,Q711,Q712,Q713,Q714,Q715,Q716,Q717,Q718,Q719,Q72,Q720,Q721,Q722,Q723,Q724,Q725,Q726,Q727,Q728,Q729,Q73,Q730,Q731,Q732,Q733,Q734,Q735,Q736,Q737,Q738,Q739,Q74,Q740,Q741,Q742,Q743,Q744,Q745,Q746,Q747,Q748,Q749,Q75,Q750,Q751,Q752,Q753,Q754,Q755,Q756,Q757,Q758,Q759,Q76,Q760,Q761,Q762,Q763,Q764,Q765,Q766,Q767,Q768,Q769,Q77,Q770,Q771,Q772,Q773",SOT-323_SC-70,C504052
BSS138K,"Q774,Q775,Q776,Q777,Q778,Q779,Q78,Q780,Q781,Q782,Q783,Q784,Q785,Q786,Q787,Q788,Q789,Q79,Q790,Q791,Q792,Q793,Q794,Q795,Q796,Q797,Q798,Q799,Q8,Q80,Q800,Q801,Q802,Q803,Q804,Q805,Q806,Q807,Q808,Q809,Q81,Q810,Q811,Q812,Q813,Q814,Q815,Q816,Q817,Q818,Q819,Q82,Q820,Q821,Q822,Q823,Q824,Q825,Q826,Q827,Q828,Q829,Q83,Q830,Q831,Q832,Q833,Q834,Q835,Q836,Q837,Q838,Q839,Q84,Q840,Q841,Q842,Q843,Q844,Q845,Q846,Q847,Q848,Q849,Q85,Q850,Q851,Q852,Q853,Q854,Q855,Q856,Q857,Q858,Q859,Q86,Q860,Q861,Q862,Q863,Q864,Q865,Q866,Q867,Q868,Q869,Q87,Q870,Q871,Q872,Q873,Q874,Q875,Q876,Q877,Q878,Q879,Q88,Q880,Q881,Q882,Q883,Q884,Q885,Q886,Q887,Q888,Q889,Q89,Q890,Q891,Q892,Q893,Q894,Q895,Q896,Q897,Q898,Q899,Q9,Q90,Q900,Q901,Q902,Q903,Q904,Q905,Q906,Q907,Q908,Q909,Q91,Q910,Q911,Q912,Q913,Q914,Q915,Q916,Q917,Q918,Q919,Q92,Q920,Q921,Q922,Q923,Q924,Q925,Q926,Q927,Q928,Q929,Q93,Q930,Q931,Q932,Q933,Q934,Q935,Q936,Q937,Q938,Q939,Q94,Q940,Q941,Q942,Q943,Q944,Q945,Q946,Q947,Q948,Q949,Q95,Q950,Q951,Q952,Q953,Q954,Q955,Q956,Q957,Q958,Q959,Q96,Q960,Q961,Q962,Q963,Q964,Q965,Q966,Q967,Q968,Q969,Q97,Q970,Q971,Q972,Q973,Q974,Q975,Q976,Q977,Q978,Q979,Q98,Q980,Q981,Q982,Q983,Q984,Q985,Q986,Q987,Q988,Q989,Q99,Q990,Q991,Q992,Q993,Q994,Q995,Q996,Q997,Q998,Q999",SOT-323_SC-70,C504052
10k,"R1,R10,R100,R1000,R1001,R1002,R1003,R1004,R1005,R1006,R1007,R1008,R1009,R101,R1010,R1011,R1012,R1013,R1014,R1015,R1016,R1017,R1018,R102,R103,R104,R105,R106,R107,R108,R1080,R1081,R1082,R1083,R1084,R109,R11,R110,R111,R112,R113,R114,R115,R116,R117,R118,R119,R12,R120,R121,R122,R123,R124,R125,R126,R127,R128,R129,R13,R130,R131,R132,R133,R134,R135,R136,R137,R138,R139,R14,R140,R141,R142,R143,R144,R145,R146,R147,R148,R149,R15,R150,R151,R152,R153,R154,R155,R156,R157,R158,R159,R16,R160,R161,R162,R163,R164,R165,R166,R167,R168,R169,R17,R170,R171,R172,R173,R174,R175,R176,R177,R178,R179,R18,R180,R181,R182,R183,R184,R185,R186,R187,R188,R189,R19,R190,R191,R192,R193,R194,R195,R196,R197,R198,R199,R2,R20,R200,R201,R202,R203,R204,R205,R206,R207,R208,R209,R21,R210,R211,R212,R213,R214,R215,R216,R217,R218,R219,R22,R220,R221,R222,R223,R224,R225,R226,R227,R228,R229,R23,R230,R231,R232,R233,R234,R235,R236,R237,R238,R239,R24,R240,R241,R242,R243,R244,R245,R246,R247,R248,R249,R25,R250,R251,R252,R253,R254,R255,R256,R257,R258,R259,R26,R260,R261,R262,R263,R264,R265,R266,R267,R268,R269,R27,R270,R271,R272,R273,R274,R275,R276,R277,R278,R279,R28,R280,R281,R282,R283,R284,R285,R286,R287,R288,R289,R29,R290,R291,R292,R293,R294,R295,R296,R297,R298,R299,R3,R30,R300,R301,R302,R303,R304,R305,R306,R307,R308,R309,R31,R310,R311,R312,R313,R314,R315,R316,R317,R318,R319,R32,R320,R321,R322,R323,R324,R325,R326,R327,R328,R329,R33,R330,R331,R332,R333,R334,R335,R336,R337,R338,R339,R34,R340,R341,R342,R343,R344,R345,R346,R347,R348,R349,R35,R350,R351,R352,R353,R354,R355,R356,R357,R358,R359,R36,R360,R361,R362,R363,R364,R365,R366,R367,R368,R369,R37,R370,R371,R372,R373,R374,R375,R376,R377,R378,R379,R38,R380,R381,R382,R383,R384,R385,R386,R387,R388,R389,R39,R390,R391,R392,R393,R394,R395,R396,R397,R398,R399,R4,R40,R400,R401,R402,R403,R404,R405,R406,R407,R408,R409,R41,R410,R411,R412,R413,R414,R415,R416,R417,R418,R419,R42,R420,R421,R422,R423,R424,R425,R426,R427,R428,R429,R43,R430,R431,R432,R433,R434,R435,R436,R437,R438,R439,R44",R_0402_1005Metric,C25744
10k,"R440,R441,R442,R443,R444,R445,R446,R447,R448,R449,R45,R450,R451,R452,R453,R454,R455,R456,R457,R458,R459,R46,R460,R461,R462,R463,R464,R465,R466,R467,R468,R469,R47,R470,R471,R472,R473,R474,R475,R476,R477,R478,R479,R48,R480,R481,R482,R483,R484,R485,R486,R487,R488,R489,R49,R490,R491,R492,R493,R494,R495,R496,R497,R498,R499,R5,R50,R500,R501,R502,R503,R504,R505,R506,R507,R508,R509,R51,R510,R511,R512,R513,R514,R515,R516,R517,R518,R519,R52,R520,R521,R522,R523,R524,R525,R526,R527,R528,R529,R53,R530,R531,R532,R533,R534,R535,R536,R537,R538,R539,R54,R540,R541,R542,R543,R544,R545,R546,R547,R548,R549,R55,R550,R551,R552,R553,R554,R555,R556,R557,R558,R559,R56,R560,R561,R562,R563,R564,R565,R566,R567,R568,R569,R57,R570,R571,R572,R573,R574,R575,R576,R577,R578,R579,R58,R580,R581,R582,R583,R584,R585,R586,R587,R588,R589,R59,R590,R591,R592,R593,R594,R595,R596,R597,R598,R599,R6,R60,R600,R601,R602,R603,R604,R605,R606,R607,R608,R609,R61,R610,R611,R612,R613,R614,R615,R616,R617,R618,R619,R62,R620,R621,R622,R623,R624,R625,R626,R627,R628,R629,R63,R630,R631,R632,R633,R634,R635,R636,R637,R638,R639,R64,R640,R641,R642,R643,R644,R645,R646,R647,R648,R649,R65,R650,R651,R652,R653,R654,R655,R656,R657,R658,R659,R66,R660,R661,R662,R663,R664,R665,R666,R667,R668,R669,R67,R670,R671,R672,R673,R674,R675,R676,R677,R678,R679,R68,R680,R681,R682,R683,R684,R685,R686,R687,R688,R689,R69,R690,R691,R692,R693,R694,R695,R696,R697,R698,R699,R7,R70,R700,R701,R702,R703,R704,R705,R706,R707,R708,R709,R71,R710,R711,R712,R713,R714,R715,R716,R717,R718,R719,R72,R720,R721,R722,R723,R724,R725,R726,R727,R728,R729,R73,R730,R731,R732,R733,R734,R735,R736,R737,R738,R739,R74,R740,R741,R742,R743,R744,R745,R746,R747,R748,R749,R75,R750,R751,R752,R753,R754,R755,R756,R757,R758,R759,R76,R760,R761,R762,R763,R764,R765,R766,R767,R768,R769,R77,R770,R771,R772,R773,R774,R775,R776,R777,R778,R779,R78,R780,R781,R782,R783,R784,R785,R786,R787,R788,R789,R79,R790,R791,R792,R793,R794,R795,R796,R797,R798,R799,R8,R80,R800,R801,R802,R803,R804,R805,R806,R807",R_0402_1005Metric,C25744
10k,"R808,R809,R81,R810,R811,R812,R813,R814,R815,R816,R817,R818,R819,R82,R820,R821,R822,R823,R824,R825,R826,R827,R828,R829,R83,R830,R831,R832,R833,R834,R835,R836,R837,R838,R839,R84,R840,R841,R842,R843,R844,R845,R846,R847,R848,R849,R85,R850,R851,R852,R853,R854,R855,R856,R857,R858,R859,R86,R860,R861,R862,R863,R864,R865,R866,R867,R868,R869,R87,R870,R871,R872,R873,R874,R875,R876,R877,R878,R879,R88,R880,R881,R882,R883,R884,R885,R886,R887,R888,R889,R89,R890,R891,R892,R893,R894,R895,R896,R897,R898,R899,R9,R90,R900,R901,R902,R903,R904,R905,R906,R907,R908,R909,R91,R910,R911,R912,R913,R914,R915,R916,R917,R918,R919,R92,R920,R921,R922,R923,R924,R925,R926,R927,R928,R929,R93,R930,R931,R932,R933,R934,R935,R936,R937,R938,R939,R94,R940,R941,R942,R943,R944,R945,R946,R947,R948,R949,R95,R950,R951,R952,R953,R954,R955,R956,R957,R958,R959,R96,R960,R961,R962,R963,R964,R965,R966,R967,R968,R969,R97,R970,R971,R972,R973,R974,R975,R976,R977,R978,R979,R98,R980,R981,R982,R983,R984,R985,R986,R987,R988,R989,R99,R990,R991,R992,R993,R994,R995,R996,R997,R998,R999",R_0402_1005Metric,C25744
100nF,"C1,C10,C11,C12,C13,C14,C15,C16,C17,C18,C19,C2,C20,C21,C22,C23,C24,C25,C26,C27,C28,C29,C3,C30,C31,C32,C33,C34,C35,C36,C37,C38,C39,C4,C40,C41,C42,C43,C44,C45,C46,C47,C48,C49,C5,C50,C51,C52,C53,C54,C55,C56,C57,C58,C59,C6,C60,C61,C62,C63,C64,C65,C66,C67,C68,C69,C7,C70,C71,C72,C73,C74,C75,C76,C77,C78,C79,C8,C80,C81,C82,C83,C84,C85,C86,C87,C88,C89,C9,C90,C91,C92,C93,C94,C95,C96",C_0402_1005Metric,C1525
LED_RED,"D1,D10,D11,D12,D13,D14,D15,D16,D17,D18,D19,D2,D20,D21,D22,D23,D24,D25,D26,D27,D28,D29,D3,D30,D31,D32,D33,D34,D35,D36,D37,D38,D39,D4,D40,D41,D42,D43,D44,D45,D46,D47,D48,D49,D5,D50,D51,D52,D53,D54,D55,D6,D7,D8,D9",LED_0603_1608Metric,C2286
2.2k,"R1019,R1020,R1021,R1022,R1023,R1024,R1025,R1026,R1027,R1028,R1029,R1030,R1031,R1032,R1033,R1034,R1035,R1036,R1037,R1038,R1039,R1040,R1041,R1042,R1043,R1044,R1045,R1046,R1047,R1048,R1049,R1050,R1051,R1052,R1053,R1054,R1055,R1056,R1057,R1058,R1059,R1060,R1061,R1062,R1063,R1064,R1065,R1066,R1067,R1068,R1069,R1070,R1071,R1072,R1073",R_0402_1005Metric,C25879
1k,"R1085,R1086,R1087,R1088,R1089,R1090,R1091,R1092,R1093,R1094,R1095,R1096,R1097,R1098,R1099,R1100,R1101,R1102,R1103,R1104,R1105,R1106,R1107,R1108,R1109,R1110",R_0402_1005Metric,C11702
1N4148WS,"D56,D57,D58,D59,D60,D61,D62,D63,D64,D65,D66,D67",D_SOD-323,C2128
100R,"R1074,R1075,R1076,R1077,R1078,R1079",R_0402_1005Metric,C25076
10uF,"C100,C97,C98,C99",C_0805_2012Metric,C15850
